0.30,0.00,0.57,0.56,0.50,-42.00,0.59,0.28,0.47,0.28,-0.25,-1.00,0.00
0.37,0.23,0.50,0.60,-10.00,-42.00,1.00,1.00,1.00,1.00,1.00,1.00,1.00
0.20,-0.10,0.43,0.54,0.20,-4.62,0.38,0.38,0.78,0.50,0.69,-0.25,2.00
0.43,0.23,0.53,0.36,0.45,-42.00,0.91,-1.00,0.59,0.47,0.47,0.06,3.00
0.30,0.37,0.77,0.32,-10.00,-42.00,1.00,-1.00,0.69,0.59,-1.00,-1.00,4.00
0.43,-0.17,0.37,0.28,-10.00,-42.00,-1.00,-1.00,0.06,-1.00,-1.00,-1.00,5.00
0.63,0.37,0.10,0.62,-0.15,-4.62,0.78,0.50,1.00,0.78,0.78,0.38,6.00
-0.07,-0.27,0.47,0.36,-10.00,-42.00,1.00,1.00,1.00,1.00,1.00,-1.00,7.00
0.57,-0.03,0.40,0.63,0.25,-4.62,0.59,0.47,0.78,0.78,0.69,1.00,8.00
0.33,0.17,0.50,0.18,0.40,-42.00,1.00,1.00,-1.00,0.78,0.69,-1.00,9.00
0.63,0.27,0.57,0.84,0.80,-42.00,0.50,1.00,1.00,0.50,1.00,1.00,10.00
-0.17,-0.27,0.50,0.36,-0.05,-42.00,-0.25,-1.00,0.69,0.38,-0.25,-1.00,11.00
0.57,0.87,0.93,0.71,0.75,0.90,0.50,0.50,1.00,1.00,1.00,-1.00,12.00
0.57,0.23,0.70,0.52,0.45,-42.00,0.91,0.69,0.69,1.00,-1.00,-1.00,13.00
0.13,0.00,0.07,0.38,0.20,-42.00,0.69,-1.00,0.69,0.28,-1.00,-1.00,14.00
0.03,0.07,0.07,0.48,0.30,-42.00,0.06,-1.00,-1.00,-1.00,-1.00,-1.00,15.00
0.27,0.07,0.47,0.32,-10.00,-42.00,0.69,0.69,0.91,0.91,1.00,1.00,16.00
-0.13,-0.40,0.20,0.40,0.10,-42.00,0.28,0.28,0.59,0.69,0.47,-1.00,17.00
0.37,0.40,0.57,0.70,0.45,-42.00,-1.00,1.00,-1.00,1.00,-1.00,-1.00,18.00
0.40,0.30,0.23,0.58,0.45,0.72,0.50,0.78,1.00,1.00,-1.00,-1.00,19.00
0.73,0.70,0.40,0.38,0.55,-42.00,0.50,0.78,0.50,0.50,0.50,1.00,20.00
0.17,0.23,-0.03,0.68,-0.25,-42.00,0.16,-1.00,0.69,-1.00,-1.00,-1.00,21.00
0.43,0.47,0.23,0.20,-10.00,-42.00,-1.00,-1.00,0.38,-1.00,-1.00,-1.00,22.00
0.40,0.40,0.40,0.62,0.70,-42.00,1.00,1.00,-1.00,1.00,0.78,-1.00,23.00
0.13,0.07,0.27,0.30,-0.05,-4.62,0.38,0.38,1.00,1.00,1.00,0.59,24.00
0.60,0.27,0.43,0.45,0.05,-4.62,0.59,-1.00,0.91,0.78,0.59,0.38,26.00
0.43,0.47,0.40,0.76,0.00,0.52,0.78,-1.00,1.00,1.00,0.91,-1.00,27.00
0.60,-0.10,0.23,0.40,-10.00,-42.00,0.69,0.69,1.00,0.78,0.91,0.69,28.00
0.20,-0.07,0.13,0.36,-0.10,-42.00,-0.03,-1.00,0.59,0.28,0.69,0.38,30.00
0.00,-0.13,0.10,0.28,-10.00,-42.00,-1.00,-1.00,0.06,-1.00,-1.00,-1.00,31.00
0.37,0.10,0.43,0.38,0.05,-42.00,0.28,0.38,0.69,0.59,0.28,0.69,32.00
-0.03,-0.03,0.07,0.44,-0.10,-42.00,0.69,0.28,-1.00,0.69,0.16,-1.00,33.00
0.43,0.30,0.33,0.72,0.35,-42.00,0.91,0.91,0.78,1.00,0.91,0.69,34.00
-0.20,0.00,0.23,0.20,-10.00,-42.00,0.47,0.38,1.00,0.47,0.50,0.78,35.00
0.60,0.30,0.33,0.62,0.40,-4.62,0.78,-1.00,0.47,0.78,0.47,-1.00,36.00
0.30,0.30,0.13,0.51,-0.50,-42.00,-1.00,-1.00,0.69,-1.00,0.69,-1.00,37.00
0.33,0.17,0.37,0.68,-10.00,-42.00,1.00,-1.00,0.69,-1.00,-1.00,-1.00,39.00
0.23,0.00,0.13,0.62,-0.60,-42.00,0.59,-1.00,0.91,0.91,0.69,0.47,40.00
0.40,0.03,0.13,0.77,0.10,0.72,0.38,0.69,1.00,1.00,0.91,-1.00,41.00
0.37,0.17,0.37,0.40,0.50,0.69,0.69,-1.00,1.00,0.91,-1.00,-1.00,42.00
0.13,-0.07,0.57,0.76,0.20,-42.00,1.00,0.78,0.78,1.00,0.91,0.28,43.00
0.13,0.30,0.27,0.64,0.65,-42.00,0.50,0.38,-1.00,0.50,1.00,-1.00,45.00
0.40,0.23,0.40,0.24,0.00,-42.00,0.28,0.38,0.69,0.47,0.69,0.47,46.00
0.63,0.30,0.50,0.28,-10.00,-42.00,0.59,0.28,1.00,0.69,0.59,0.38,47.00
0.47,0.37,0.53,0.45,0.55,-42.00,0.78,0.78,0.69,0.59,-0.50,-1.00,48.00
0.47,0.40,0.57,0.28,0.05,-42.00,-1.00,-1.00,-0.25,-1.00,-1.00,-1.00,49.00
-0.27,-0.13,0.20,0.13,0.10,-42.00,0.06,-1.00,0.38,0.28,-0.25,-1.00,51.00
0.47,0.10,0.43,0.68,0.20,-42.00,1.00,0.47,0.91,1.00,1.00,-1.00,52.00
0.17,0.23,0.43,0.36,0.20,-42.00,0.69,0.69,0.59,0.91,0.78,0.69,53.00
0.20,-0.10,0.50,0.48,0.40,-42.00,0.28,-1.00,0.78,0.78,0.38,-0.03,54.00
0.10,0.47,0.43,0.40,-10.00,-42.00,-1.00,0.69,1.00,0.78,-1.00,-1.00,55.00
0.07,0.07,0.27,0.37,0.40,-4.62,0.59,-1.00,0.91,1.00,0.69,-0.25,56.00
0.30,0.50,0.23,0.69,0.60,0.79,0.50,1.00,1.00,0.69,-1.00,-1.00,57.00
0.30,-0.07,0.17,0.43,-0.10,0.67,-1.00,-1.00,0.59,0.91,0.69,-1.00,58.00
0.67,0.40,0.10,0.40,-10.00,-42.00,-1.00,-1.00,0.69,-1.00,-1.00,-1.00,59.00
0.30,-0.17,0.27,0.40,0.25,-4.62,0.69,0.38,0.91,0.69,1.00,0.28,60.00
-0.20,-0.17,0.13,0.46,0.15,-4.62,0.69,0.47,0.78,0.78,0.78,-0.03,61.00
0.17,0.13,0.63,0.77,0.70,0.79,1.00,-1.00,1.00,1.00,1.00,-1.00,62.00
0.77,0.37,0.40,0.60,0.30,-42.00,0.47,-1.00,1.00,-1.00,-1.00,-1.00,63.00
-0.13,0.17,0.20,0.24,-10.00,-42.00,0.47,-0.25,0.47,0.38,-1.00,-1.00,64.00
0.23,0.03,0.57,0.40,-10.00,-42.00,0.50,0.38,0.69,1.00,0.47,-1.00,65.00
0.30,0.10,0.47,0.54,0.30,-42.00,-1.00,-1.00,0.91,0.38,0.06,-1.00,66.00
0.43,0.27,0.13,0.58,0.05,-42.00,0.78,0.50,0.47,0.59,0.59,0.59,67.00
0.80,0.43,0.17,0.71,-0.05,-4.62,0.69,0.69,1.00,0.91,0.78,0.69,68.00
0.83,0.40,0.47,0.46,0.30,-42.00,0.38,0.47,0.78,0.69,0.28,0.16,69.00
0.27,0.33,0.33,0.36,-10.00,-42.00,0.59,-0.25,0.59,-0.25,-1.00,-1.00,70.00
-0.10,0.00,0.37,0.54,0.45,-42.00,0.50,0.69,-1.00,0.38,-1.00,-1.00,71.00
0.43,0.17,0.27,0.44,0.05,-42.00,0.59,0.59,0.78,0.91,0.91,0.69,72.00
0.50,0.23,0.73,0.32,0.70,-42.00,0.78,0.38,0.38,0.91,-1.00,-1.00,73.00
0.43,0.33,0.53,0.48,0.55,-42.00,0.50,0.50,0.91,1.00,1.00,0.69,75.00
0.23,0.23,0.17,0.32,0.00,-42.00,-1.00,-1.00,0.78,0.47,0.78,-1.00,76.00
-0.03,0.07,0.33,0.53,0.30,-42.00,0.78,0.91,1.00,1.00,0.91,0.38,77.00
0.63,0.60,0.57,0.48,-10.00,-42.00,-0.03,-1.00,0.78,0.69,-1.00,-1.00,78.00
0.57,0.50,0.50,0.32,-10.00,-42.00,0.69,0.38,1.00,0.28,0.59,-0.50,79.00
0.23,0.30,0.60,0.56,-10.00,-42.00,0.59,-0.25,0.69,0.59,-0.25,-1.00,80.00
0.50,0.43,0.73,0.32,0.10,-42.00,-0.50,-1.00,0.47,-0.03,-1.00,-1.00,81.00
0.40,-0.03,0.43,0.42,0.45,-42.00,0.50,0.59,1.00,1.00,1.00,1.00,82.00
0.33,0.20,0.33,0.56,-10.00,-42.00,0.50,0.50,0.69,0.28,0.59,-1.00,83.00
0.57,0.60,0.60,0.37,0.40,-42.00,0.38,0.47,0.78,1.00,1.00,1.00,84.00
-0.03,-0.23,0.47,0.58,0.05,0.44,0.59,-1.00,1.00,0.47,-1.00,-1.00,85.00
0.43,-0.10,0.23,0.30,0.10,-4.62,0.38,-1.00,0.59,0.06,-1.00,-1.00,88.00
0.60,0.23,0.70,0.51,0.90,-42.00,0.50,1.00,1.00,0.50,1.00,1.00,89.00
0.03,0.03,0.40,0.24,-10.00,-42.00,-0.25,-1.00,0.47,-0.25,-1.00,-1.00,90.00
0.77,0.17,0.23,0.52,0.55,0.63,-1.00,-1.00,1.00,1.00,-1.00,-1.00,92.00
-0.13,-0.07,0.13,0.20,-10.00,-42.00,-1.00,-1.00,0.69,-1.00,-1.00,-1.00,93.00
0.03,-0.07,0.70,0.55,0.80,-42.00,0.50,1.00,1.00,1.00,1.00,1.00,94.00
0.07,0.20,0.30,0.19,0.55,-42.00,0.38,0.38,0.69,0.69,-0.03,-1.00,95.00
0.20,0.27,0.70,0.81,0.65,0.97,0.50,1.00,0.91,0.50,1.00,-1.00,96.00
0.30,-0.47,0.37,0.34,0.45,-42.00,0.69,0.38,0.91,0.91,0.78,-0.50,97.00
0.20,0.07,-0.10,0.44,-0.05,-42.00,0.38,-0.25,0.38,0.38,0.59,-0.25,98.00
0.23,0.10,0.23,0.40,-10.00,-42.00,0.47,0.59,0.69,0.78,0.78,0.59,99.00
0.63,0.57,0.60,0.39,0.25,-4.62,0.78,0.47,0.91,1.00,1.00,0.06,100.00
0.50,0.27,0.33,0.52,0.55,-42.00,0.50,0.50,1.00,0.50,1.00,0.91,101.00
0.27,0.30,0.17,0.54,-0.10,-42.00,0.69,0.28,0.69,0.69,0.78,0.38,102.00
0.07,0.00,0.13,0.64,0.20,-42.00,-0.25,-1.00,0.47,0.69,-0.25,-1.00,103.00
0.33,0.30,0.67,0.28,-10.00,-42.00,-1.00,-1.00,-1.00,-1.00,-1.00,-1.00,104.00
0.20,0.03,0.13,0.33,0.65,0.90,0.50,-1.00,0.91,0.91,0.28,-1.00,105.00
0.23,-0.17,0.30,0.45,0.30,-42.00,0.47,0.91,-1.00,0.78,1.00,-1.00,106.00
0.47,-0.13,0.33,0.62,0.40,-4.62,1.00,0.59,0.78,1.00,0.69,-0.03,107.00
0.60,0.00,0.13,0.27,-0.15,-42.00,0.78,0.38,0.78,0.91,0.69,0.38,108.00
0.17,0.00,0.40,0.44,-10.00,-42.00,0.50,0.59,0.38,0.69,0.91,-1.00,109.00
0.17,0.17,0.70,0.48,-10.00,-42.00,0.38,0.69,0.69,1.00,0.91,0.69,110.00
0.53,0.37,0.23,0.72,0.20,-42.00,0.78,0.78,1.00,1.00,1.00,0.28,111.00
-0.23,-0.17,0.17,0.22,-0.05,-42.00,-1.00,-1.00,-0.25,-1.00,-1.00,-1.00,112.00
0.47,-0.10,0.40,0.62,0.75,0.86,0.50,0.50,1.00,1.00,-1.00,-1.00,113.00
0.47,0.33,0.30,0.54,0.15,-4.62,-0.25,-1.00,0.69,0.28,-1.00,-1.00,114.00
-0.03,-0.03,-0.13,0.52,0.10,-42.00,0.78,1.00,0.69,1.00,1.00,0.69,115.00
0.10,0.13,0.43,0.64,0.10,-42.00,1.00,1.00,1.00,1.00,0.91,1.00,117.00
-0.07,0.07,0.23,0.36,-10.00,-42.00,0.38,0.16,0.28,0.38,0.91,0.28,118.00
0.07,0.13,0.47,0.62,0.25,0.76,1.00,-1.00,1.00,1.00,1.00,-1.00,119.00
0.73,0.57,0.90,0.29,0.70,-4.62,0.50,0.78,0.78,0.50,0.38,-0.25,120.00
0.10,0.37,0.13,0.50,-0.25,-4.62,-1.00,-1.00,0.69,0.78,-1.00,-1.00,121.00
0.17,0.03,0.47,0.40,-10.00,-42.00,0.38,0.47,0.69,0.38,0.28,-1.00,122.00
0.27,0.33,0.33,0.58,0.10,-4.62,0.78,0.69,1.00,1.00,0.91,0.28,123.00
0.17,0.03,0.33,0.46,0.20,-42.00,0.69,0.38,0.91,0.50,1.00,1.00,124.00
0.47,0.57,0.50,0.60,0.25,-42.00,0.69,0.69,1.00,0.69,0.59,0.69,126.00
0.33,0.43,0.47,0.41,-0.10,-42.00,-0.25,-1.00,0.38,0.69,-1.00,-1.00,127.00
0.27,0.40,0.30,0.58,0.65,-42.00,1.00,0.78,0.78,0.91,0.78,0.38,128.00
0.23,0.13,0.17,0.32,-10.00,-42.00,-0.50,-1.00,-0.25,0.16,-1.00,-1.00,129.00
0.00,0.03,-0.10,0.41,-0.30,-4.62,0.28,-0.03,0.59,0.28,0.28,-0.25,130.00
0.17,0.43,0.50,0.40,-10.00,-42.00,1.00,0.38,0.91,0.91,0.28,0.69,131.00
0.60,0.47,0.77,0.36,0.35,0.76,-1.00,-1.00,0.91,0.47,-1.00,-1.00,132.00
-0.07,-0.07,0.30,0.52,-0.05,-42.00,0.50,0.59,0.59,0.69,0.59,0.06,133.00
-0.20,-0.47,-0.17,0.32,-10.00,-42.00,-0.25,-1.00,0.06,-1.00,-1.00,-1.00,134.00
0.37,0.50,0.67,0.42,0.80,-42.00,0.50,0.91,1.00,1.00,1.00,-1.00,135.00
0.30,0.23,0.30,0.18,0.50,0.69,0.69,-1.00,1.00,0.78,0.91,-1.00,136.00
0.53,0.20,0.57,0.72,-10.00,-42.00,0.69,0.69,0.69,0.28,-1.00,-1.00,137.00
0.30,0.10,0.07,0.36,0.55,0.55,0.69,0.69,0.69,0.91,-1.00,-1.00,138.00
-0.07,0.10,0.23,0.20,-10.00,-42.00,-1.00,-1.00,0.06,-1.00,-1.00,-1.00,139.00
0.37,0.10,0.13,0.55,-0.30,-4.62,-1.00,-1.00,0.47,0.16,-1.00,-1.00,140.00
0.20,0.17,0.23,0.53,0.40,0.72,0.47,-1.00,0.78,0.59,0.47,-1.00,141.00
0.23,0.17,0.13,0.44,0.05,-42.00,0.78,0.47,0.69,0.69,0.69,0.47,142.00
0.40,0.20,0.33,0.28,-10.00,-42.00,-1.00,-1.00,0.91,-1.00,-1.00,-1.00,143.00
-0.03,-0.03,0.27,0.29,-0.40,0.86,-0.50,-1.00,0.47,-0.50,-1.00,-1.00,144.00
0.33,0.07,0.03,0.43,-0.05,-42.00,-1.00,-1.00,-1.00,0.38,-1.00,-1.00,145.00
0.83,0.27,0.40,0.40,0.40,-42.00,0.28,-0.25,0.91,0.50,1.00,0.28,146.00
0.30,0.17,0.40,0.39,0.45,-42.00,-1.00,0.69,-1.00,0.38,-1.00,-1.00,147.00
0.37,0.13,0.50,0.54,0.60,-42.00,0.47,0.16,0.91,0.69,0.69,0.78,148.00
0.23,0.03,0.60,0.32,-10.00,-42.00,0.50,-0.25,0.38,0.91,-0.25,-1.00,149.00
0.13,-0.07,0.00,0.21,-10.00,-42.00,-1.00,-1.00,0.28,-1.00,-1.00,-1.00,150.00
0.33,-0.03,0.43,0.40,-10.00,-42.00,0.50,0.50,0.69,1.00,1.00,0.78,151.00
0.23,0.30,0.23,0.47,-0.05,-42.00,-1.00,-1.00,0.59,-1.00,-1.00,-1.00,152.00
0.63,0.10,0.30,0.23,-0.25,-42.00,0.28,0.69,0.69,0.69,0.38,0.69,153.00
0.43,0.60,0.67,0.48,-10.00,-42.00,-0.50,-1.00,0.59,0.16,-1.00,-1.00,154.00
0.77,0.43,0.17,0.52,-10.00,-42.00,0.69,0.47,1.00,1.00,1.00,1.00,155.00
0.07,0.23,0.43,0.56,0.05,0.55,1.00,-1.00,-1.00,1.00,1.00,-1.00,157.00
0.20,0.17,0.57,0.36,-10.00,-42.00,0.38,0.59,0.69,0.78,0.38,0.78,158.00
0.77,0.87,0.67,0.28,0.15,-42.00,0.78,0.78,1.00,0.50,0.78,0.69,159.00
0.53,0.50,0.63,0.41,0.80,-42.00,0.91,1.00,1.00,0.47,0.59,-1.00,160.00
0.30,0.13,0.40,0.70,0.55,-4.62,1.00,0.69,1.00,1.00,0.91,0.28,161.00
0.50,0.57,0.80,0.52,-10.00,-42.00,0.50,0.50,0.91,1.00,1.00,0.78,162.00
0.17,0.33,0.03,0.68,0.50,-4.62,0.50,0.38,-1.00,-1.00,-1.00,-1.00,163.00
-0.03,-0.30,0.17,0.28,-0.25,-42.00,-1.00,-1.00,0.59,0.16,-1.00,-1.00,164.00
-0.07,-0.13,0.33,0.55,0.20,-42.00,0.78,0.38,0.69,0.47,0.47,-0.03,165.00
0.50,0.07,0.53,0.24,-10.00,-42.00,0.47,0.47,0.91,0.91,1.00,1.00,166.00
0.13,0.17,0.13,0.56,-10.00,-42.00,0.38,0.47,0.91,0.69,0.78,1.00,167.00
0.40,0.07,0.20,0.44,-10.00,-42.00,0.28,0.47,1.00,0.91,0.38,0.69,168.00
0.30,0.17,0.20,0.48,0.15,-4.62,0.69,0.38,0.69,1.00,1.00,1.00,169.00
0.30,0.63,0.50,0.46,0.05,-42.00,0.69,0.38,0.78,0.91,0.28,-1.00,171.00
0.10,0.30,0.40,0.68,-10.00,-42.00,0.50,1.00,0.78,1.00,0.59,-1.00,172.00
0.27,0.17,0.37,0.39,0.40,-42.00,0.50,0.50,1.00,1.00,0.91,0.91,173.00
0.47,-0.07,0.27,0.39,-0.25,-4.62,0.69,-1.00,0.78,0.38,0.28,-1.00,174.00
0.30,0.37,0.53,0.83,0.70,-42.00,1.00,1.00,-1.00,1.00,1.00,-1.00,175.00
-0.17,-0.30,0.07,0.08,-10.00,-42.00,0.28,0.50,0.38,0.38,-0.50,-1.00,176.00
0.20,0.27,0.23,0.52,-0.05,-4.62,0.47,-1.00,0.59,0.47,0.28,-1.00,177.00
0.53,0.47,0.47,0.65,0.20,0.76,-1.00,0.91,-1.00,-1.00,-1.00,-1.00,178.00
0.30,0.20,0.07,0.63,-0.25,-42.00,-1.00,-1.00,0.59,-1.00,-1.00,-1.00,179.00
0.67,0.33,0.83,0.48,0.85,-42.00,1.00,0.69,0.91,0.91,0.59,0.69,180.00
0.40,0.33,0.20,0.56,-0.25,-42.00,1.00,-1.00,1.00,1.00,1.00,0.59,181.00
0.43,0.40,0.73,0.75,0.75,-4.62,-1.00,1.00,1.00,1.00,1.00,1.00,182.00
0.40,0.23,0.50,0.37,0.40,0.56,0.47,-1.00,0.69,0.38,-1.00,-1.00,183.00
0.13,0.17,0.57,0.61,0.30,0.90,0.69,-1.00,1.00,1.00,0.69,-1.00,184.00
-0.47,-0.30,-0.17,0.48,-0.20,-42.00,0.06,-1.00,0.47,0.78,0.47,-1.00,185.00
0.10,0.23,0.23,0.42,0.45,0.79,0.78,-1.00,1.00,1.00,1.00,-1.00,186.00
0.33,0.17,-0.10,0.28,-10.00,-42.00,-0.25,-1.00,0.69,0.91,0.38,-1.00,187.00
0.03,0.30,0.07,0.42,0.60,-4.62,1.00,0.38,-1.00,0.47,-1.00,-1.00,188.00
0.20,0.00,0.47,0.20,-10.00,-42.00,0.28,0.38,0.38,0.28,0.28,0.28,189.00
0.60,0.33,0.23,0.40,0.10,-4.62,0.28,-1.00,1.00,0.78,0.69,-0.03,190.00
0.03,0.03,0.37,0.70,-10.00,-42.00,0.50,0.50,0.69,0.59,0.69,0.69,191.00
0.03,0.07,0.07,0.57,0.00,-42.00,0.47,-1.00,0.69,-1.00,-1.00,-1.00,192.00
0.53,0.37,0.53,0.67,0.20,-42.00,0.38,-1.00,-1.00,-1.00,-1.00,-1.00,193.00
0.30,0.00,0.50,0.75,-0.20,-42.00,0.91,0.47,1.00,0.59,0.69,0.69,194.00
0.40,0.43,0.43,0.60,0.35,-42.00,0.69,0.38,0.91,1.00,1.00,0.38,195.00
0.07,0.27,0.13,0.42,0.20,-42.00,-0.25,-1.00,0.47,-0.03,-1.00,-1.00,196.00
-0.10,0.07,0.37,0.45,0.45,-42.00,0.78,0.47,0.59,1.00,0.59,0.38,197.00
0.10,0.03,0.37,0.64,0.45,-42.00,-1.00,-1.00,0.78,0.59,0.28,-1.00,198.00
-0.17,-0.07,0.17,0.24,-10.00,-42.00,0.38,-1.00,0.38,0.28,-1.00,-1.00,199.00
0.53,0.43,0.40,0.58,0.25,-42.00,0.91,-1.00,1.00,1.00,1.00,-1.00,200.00
0.03,-0.03,0.57,0.44,-10.00,-42.00,0.50,0.47,0.69,0.78,0.78,1.00,201.00
0.23,0.60,0.30,0.50,-0.30,-42.00,-1.00,-1.00,0.69,-1.00,-1.00,-1.00,202.00
0.77,0.07,0.50,0.48,0.30,-42.00,0.28,0.78,1.00,0.50,1.00,0.69,203.00
0.27,-0.03,0.27,0.14,0.10,-42.00,-1.00,-1.00,-1.00,-1.00,-1.00,-1.00,204.00
0.27,0.27,0.53,0.39,0.40,-4.62,0.91,0.69,0.91,0.91,0.59,1.00,205.00
0.57,0.37,0.53,0.65,0.20,-42.00,0.28,-1.00,1.00,0.38,-1.00,-1.00,206.00
0.27,-0.10,0.43,0.32,0.50,-42.00,0.50,0.50,1.00,0.50,1.00,1.00,208.00
0.37,0.10,0.50,0.36,-10.00,-42.00,0.69,0.69,1.00,0.78,0.47,0.38,210.00
0.17,0.17,0.10,0.43,0.25,0.79,0.38,-1.00,0.69,0.78,0.69,-1.00,211.00
0.43,0.47,0.03,0.52,-10.00,-42.00,0.38,-1.00,0.38,0.47,0.59,0.28,212.00
0.63,0.40,0.50,0.45,0.35,0.79,0.47,-1.00,1.00,1.00,0.91,-1.00,213.00
0.57,0.17,0.07,0.37,-0.05,0.62,-1.00,-1.00,-1.00,-0.25,-1.00,-1.00,214.00
0.13,-0.17,0.30,0.41,-0.25,0.90,0.59,-1.00,1.00,0.50,0.78,-1.00,215.00
0.30,0.20,0.40,0.46,0.35,-42.00,-0.25,-1.00,0.91,0.78,0.59,-0.25,216.00
0.30,0.30,0.47,0.60,0.35,-42.00,0.50,-1.00,-1.00,-1.00,-1.00,-1.00,219.00
0.03,-0.37,0.17,0.28,-0.20,-42.00,0.28,0.28,0.69,0.59,0.78,0.28,220.00
0.17,0.10,0.10,0.54,0.05,-42.00,0.38,0.38,0.69,0.38,0.38,-1.00,221.00
0.47,0.20,0.53,0.41,0.75,0.90,0.50,0.28,0.69,0.50,0.47,-1.00,222.00
0.40,0.67,0.37,0.44,0.45,-4.62,1.00,0.78,-1.00,0.91,0.69,-1.00,223.00
0.80,0.43,0.37,0.70,0.55,-42.00,1.00,1.00,1.00,1.00,0.91,-1.00,224.00
0.00,0.00,0.30,0.45,-0.20,0.63,0.16,-1.00,0.78,0.69,0.78,-1.00,226.00
0.10,0.13,0.47,0.40,-10.00,-42.00,0.38,0.59,0.69,0.50,1.00,0.69,227.00
0.40,0.20,0.23,0.56,0.25,-42.00,0.78,0.59,0.69,0.69,0.38,-1.00,228.00
0.83,0.53,0.37,0.47,-10.00,-42.00,0.78,-1.00,1.00,-1.00,0.78,-1.00,229.00
0.40,0.07,0.70,0.56,0.90,-42.00,0.50,0.78,1.00,0.50,1.00,1.00,230.00
0.30,0.13,0.27,0.56,-0.05,-42.00,0.47,-1.00,1.00,0.47,-1.00,-1.00,231.00
0.67,0.47,0.40,0.72,0.35,-42.00,0.69,0.69,1.00,1.00,0.78,0.47,232.00
0.00,0.00,0.47,0.41,0.20,-42.00,-1.00,-1.00,-1.00,-1.00,-1.00,-1.00,233.00
-0.27,-0.23,0.33,0.36,-0.05,-4.62,-1.00,-1.00,-1.00,0.78,0.59,-1.00,234.00
0.40,0.27,0.40,0.65,0.10,-42.00,0.78,0.69,0.78,0.69,0.69,-1.00,235.00
0.47,-0.17,0.07,0.54,0.00,-4.62,0.47,-0.25,0.69,0.59,0.69,-1.00,236.00
0.33,-0.23,0.47,0.59,0.65,-4.62,-1.00,-1.00,0.69,0.06,-1.00,-1.00,237.00
0.97,0.63,0.80,0.12,-10.00,-42.00,0.69,0.59,0.69,0.28,0.28,-1.00,238.00
0.03,0.27,0.30,0.66,0.65,-42.00,0.78,0.91,0.69,0.59,0.28,0.16,239.00
0.63,0.53,0.63,0.58,0.80,-42.00,-1.00,0.16,1.00,0.59,0.28,-1.00,240.00
0.23,-0.17,0.57,0.51,0.45,-42.00,0.50,0.91,-1.00,0.91,-1.00,-1.00,242.00
0.17,-0.23,-0.03,0.28,-10.00,-42.00,0.78,-1.00,0.38,0.38,0.38,-1.00,243.00
0.10,-0.37,0.20,0.40,-10.00,-42.00,0.38,-0.25,0.69,0.38,0.78,0.06,244.00
0.77,0.37,0.37,0.43,0.25,-42.00,0.47,-0.03,1.00,0.50,1.00,0.38,245.00
-0.10,-0.43,-0.20,0.34,-0.10,-42.00,-1.00,-1.00,0.06,-1.00,-1.00,-1.00,246.00
0.17,0.23,0.17,0.43,-0.10,-42.00,0.28,0.38,0.28,0.28,0.59,0.16,247.00
0.10,-0.23,0.07,0.44,-0.05,-42.00,0.69,0.69,0.91,1.00,1.00,0.38,248.00
0.27,0.20,0.23,0.36,0.05,-42.00,0.78,0.06,0.69,0.50,0.78,0.06,249.00
0.30,0.07,0.50,0.28,-10.00,-42.00,0.38,0.59,0.69,0.38,0.47,0.69,250.00
-0.20,-0.40,-0.03,0.41,0.05,-4.62,0.78,-1.00,0.69,1.00,0.78,0.59,251.00
0.57,0.47,0.43,0.69,0.65,1.00,0.50,0.91,1.00,0.50,1.00,-1.00,252.00
0.43,0.40,0.47,0.32,-10.00,-42.00,0.28,0.06,0.47,0.38,-0.03,-1.00,253.00
0.53,0.13,0.27,0.54,-0.10,-42.00,1.00,1.00,0.91,1.00,1.00,1.00,254.00
0.03,0.30,0.10,0.62,-10.00,-42.00,-1.00,-1.00,0.47,0.59,0.38,-0.03,255.00
0.27,0.20,0.30,0.34,0.00,0.66,-1.00,-1.00,0.06,0.69,0.28,-1.00,256.00
0.17,0.43,0.37,0.36,-10.00,-42.00,-1.00,-1.00,0.16,0.16,-1.00,-1.00,257.00
0.10,-0.03,0.43,0.32,0.00,-42.00,-0.25,-1.00,0.38,0.28,0.28,-1.00,258.00
0.03,0.10,0.30,0.39,0.30,-42.00,-1.00,-1.00,0.47,0.38,-1.00,-1.00,260.00
-0.10,-0.17,-0.03,0.56,-0.20,-42.00,-0.25,-1.00,0.69,-1.00,-1.00,-1.00,261.00
-0.17,-0.27,0.17,0.12,-0.10,-42.00,0.50,-1.00,0.47,0.38,0.47,-1.00,262.00
0.13,0.27,0.70,0.40,0.60,-4.62,0.91,0.91,0.78,1.00,0.78,-1.00,263.00
-0.30,-0.27,-0.20,0.46,-10.00,-42.00,0.38,0.38,0.69,0.38,0.38,-1.00,265.00
0.30,0.17,0.40,0.80,0.50,-42.00,1.00,1.00,1.00,1.00,1.00,1.00,266.00
0.33,0.13,0.27,0.42,-0.30,-42.00,-0.03,-1.00,0.28,0.47,0.38,-1.00,267.00
0.17,0.13,0.23,0.60,-0.15,0.04,-1.00,-1.00,0.69,0.28,-1.00,-1.00,268.00
0.33,0.50,0.27,0.38,0.30,-42.00,0.91,1.00,1.00,1.00,1.00,0.78,269.00
0.73,0.70,0.60,0.76,0.90,0.40,1.00,-1.00,1.00,1.00,-1.00,-1.00,270.00
0.47,0.50,0.50,0.88,0.35,0.79,0.50,0.50,1.00,1.00,1.00,-1.00,272.00
0.43,0.50,0.13,0.69,0.25,-42.00,0.78,0.69,1.00,-1.00,-1.00,-1.00,274.00
0.17,0.33,0.33,0.32,-0.10,-42.00,0.59,0.38,0.47,0.91,0.78,0.38,275.00
-0.13,-0.07,0.27,0.43,-0.40,-42.00,0.50,-1.00,1.00,0.28,-1.00,-1.00,276.00
0.23,0.27,0.63,0.48,0.80,-42.00,0.50,1.00,1.00,0.91,1.00,0.69,277.00
0.13,-0.03,0.13,0.26,-0.25,-0.02,0.28,-1.00,0.59,-0.03,-1.00,-1.00,278.00
0.07,-0.07,0.63,0.58,0.50,-42.00,0.50,0.91,-1.00,1.00,-1.00,-1.00,280.00
0.40,0.27,0.20,0.76,-0.05,-42.00,0.91,0.38,-1.00,0.69,0.78,-1.00,281.00
0.17,0.20,0.60,0.28,0.30,0.41,0.16,-1.00,0.47,0.47,-0.03,-1.00,282.00
0.07,-0.13,0.10,0.37,-0.40,-4.62,-1.00,-1.00,0.47,0.38,-1.00,-1.00,283.00
0.33,0.33,0.57,0.44,-10.00,-42.00,0.69,0.59,0.69,1.00,0.91,0.38,284.00
0.53,0.60,0.23,0.29,-0.35,0.34,0.59,-1.00,-1.00,0.28,-1.00,-1.00,285.00
0.10,0.23,0.43,0.34,0.05,-42.00,0.78,-1.00,1.00,0.50,1.00,0.78,286.00
-0.23,-0.10,-0.17,0.22,-0.25,0.27,-0.25,-1.00,0.38,-0.25,-1.00,-1.00,287.00
0.50,0.10,0.43,0.52,-10.00,-42.00,1.00,0.28,0.69,0.78,0.78,0.69,288.00
0.43,0.37,0.63,0.62,0.65,0.79,0.50,0.69,1.00,1.00,-1.00,-1.00,289.00
0.50,0.50,0.57,0.92,0.80,-4.62,0.50,0.50,1.00,1.00,1.00,1.00,290.00
0.40,0.20,0.30,0.42,0.05,-42.00,0.69,0.47,0.47,0.69,0.78,0.59,291.00
0.10,0.10,0.13,0.36,-10.00,-42.00,0.69,0.38,0.91,0.91,1.00,1.00,292.00
0.63,0.47,0.60,0.40,0.65,-42.00,0.50,0.38,0.69,0.50,0.47,0.69,293.00
0.47,0.43,0.47,0.52,-10.00,-42.00,0.47,-1.00,0.38,0.69,1.00,-1.00,294.00
0.90,0.83,0.83,0.73,0.75,-42.00,0.50,0.38,1.00,1.00,0.78,0.59,295.00
-0.27,-0.27,-0.03,0.60,-0.30,-42.00,0.59,-1.00,0.69,0.38,0.47,-1.00,296.00
0.50,0.37,0.47,0.67,0.45,-42.00,1.00,1.00,1.00,1.00,1.00,1.00,297.00
0.57,0.57,0.20,0.40,-0.25,-42.00,-0.25,-1.00,0.59,0.91,0.78,0.06,298.00
0.17,0.03,0.53,0.36,-10.00,-42.00,0.38,-1.00,0.69,-1.00,-1.00,-1.00,300.00
0.53,0.33,0.73,0.40,-10.00,-42.00,0.50,0.50,1.00,0.91,1.00,1.00,301.00
0.27,0.13,0.20,0.38,-0.35,-4.62,0.38,0.28,0.38,0.28,0.59,0.38,302.00
0.20,0.27,0.17,0.67,0.25,-42.00,0.78,0.78,1.00,1.00,0.59,-0.03,303.00
0.07,-0.03,0.40,0.28,-10.00,-42.00,0.38,0.59,1.00,0.91,0.78,0.59,304.00
0.50,0.10,0.37,0.39,0.10,-42.00,0.28,0.28,0.59,0.38,0.38,-0.25,305.00
0.47,0.30,0.23,0.33,0.05,-4.62,0.69,0.28,0.59,0.59,0.69,0.69,306.00
0.10,0.23,0.37,0.54,0.00,0.24,0.47,-1.00,0.78,-1.00,-1.00,-1.00,307.00
0.13,0.33,0.30,0.64,0.30,-42.00,1.00,1.00,1.00,1.00,1.00,0.69,308.00
0.23,0.40,0.37,0.72,-10.00,-42.00,0.50,0.50,1.00,1.00,0.69,1.00,309.00
0.27,-0.03,0.23,0.45,0.15,-42.00,-1.00,-1.00,-1.00,0.38,-1.00,-1.00,310.00
0.33,0.20,0.37,0.64,0.05,-42.00,1.00,0.69,0.78,1.00,0.91,0.69,311.00
0.23,0.00,-0.07,0.50,-0.25,-42.00,-1.00,-1.00,0.59,0.59,-1.00,-1.00,312.00
0.83,0.50,0.40,0.48,-10.00,-42.00,0.78,0.38,0.59,1.00,0.38,0.38,313.00
0.67,0.63,0.10,0.58,0.60,-42.00,0.59,0.47,1.00,0.38,-1.00,-1.00,314.00
0.47,0.23,0.53,0.36,-10.00,-42.00,0.50,0.47,0.69,0.50,1.00,0.69,315.00
0.30,-0.03,0.40,0.22,0.20,-42.00,-0.25,-1.00,0.38,-0.25,-1.00,-1.00,316.00
0.07,-0.10,0.67,0.54,0.70,-42.00,0.91,0.69,0.59,0.91,0.38,0.06,318.00
-0.27,-0.10,0.10,0.70,0.25,0.34,1.00,0.78,0.69,0.38,-1.00,-1.00,319.00
0.03,-0.10,0.57,0.36,0.15,-42.00,0.50,0.59,0.78,0.78,0.59,-1.00,320.00
0.33,0.27,0.43,0.45,0.35,-42.00,0.50,0.91,1.00,1.00,0.91,1.00,321.00
-0.20,-0.53,-0.47,0.22,-0.40,-4.62,-1.00,-1.00,0.47,0.38,-1.00,-1.00,323.00
0.10,0.20,0.50,0.70,0.90,-4.62,1.00,1.00,1.00,1.00,1.00,1.00,324.00
0.53,0.17,0.57,0.59,0.45,-42.00,0.38,-0.25,0.59,0.91,0.47,0.06,325.00
0.50,0.20,0.37,0.66,-0.35,-42.00,0.06,-1.00,0.78,-1.00,-1.00,-1.00,326.00
0.33,0.43,0.40,0.48,-10.00,-42.00,0.50,-1.00,0.69,0.69,-1.00,-1.00,327.00
0.53,0.40,0.50,0.72,-10.00,-42.00,0.91,1.00,1.00,1.00,0.78,0.47,328.00
0.33,0.07,0.80,0.62,0.85,0.65,0.50,1.00,1.00,1.00,-1.00,-1.00,329.00
0.80,0.77,0.70,0.24,-10.00,-42.00,0.50,-0.25,0.38,-1.00,-1.00,-1.00,330.00
0.40,0.00,0.10,0.59,0.25,-4.62,-1.00,-1.00,0.38,0.91,0.59,-1.00,331.00
0.23,0.03,0.27,0.57,-0.15,-42.00,0.78,0.91,1.00,1.00,1.00,1.00,332.00
0.03,-0.03,0.30,0.08,-10.00,-42.00,0.38,0.38,0.38,0.69,0.47,0.47,333.00
0.23,0.07,0.27,0.58,0.35,-42.00,0.50,0.16,0.69,0.69,0.78,-1.00,335.00
0.23,0.13,-0.03,0.48,-10.00,-42.00,1.00,0.50,0.69,0.47,0.69,-1.00,336.00
0.17,-0.17,0.20,0.27,-0.05,-42.00,0.47,-0.03,0.69,0.78,0.47,-0.03,337.00
0.20,-0.03,0.40,0.68,0.10,-42.00,0.59,0.38,0.78,0.38,-1.00,-1.00,338.00
-0.07,-0.07,0.17,0.44,0.00,-42.00,-1.00,-1.00,0.69,-1.00,-1.00,-1.00,339.00
0.00,0.00,0.43,0.41,0.15,0.41,-1.00,-1.00,0.69,0.06,-1.00,-1.00,340.00
-0.07,-0.23,-0.17,0.28,-0.15,-42.00,-0.25,-1.00,0.38,0.59,-1.00,-1.00,341.00
0.10,0.07,0.20,0.47,0.05,-42.00,0.59,0.28,0.78,1.00,0.78,0.69,342.00
0.17,0.20,0.43,0.36,-10.00,-42.00,0.38,-1.00,0.38,0.91,1.00,0.59,343.00
0.20,-0.20,0.67,0.39,0.90,-4.62,0.50,0.78,-1.00,0.91,0.59,-1.00,344.00
0.33,-0.03,0.53,0.61,0.65,-42.00,1.00,1.00,1.00,1.00,1.00,1.00,345.00
0.57,0.10,0.10,0.36,0.05,0.82,-1.00,-1.00,0.38,0.16,-1.00,-1.00,346.00
0.50,0.43,0.47,0.53,0.15,-42.00,-1.00,-1.00,-1.00,-1.00,-1.00,-1.00,348.00
0.43,0.27,0.27,0.43,0.35,-42.00,0.69,0.47,0.91,0.91,1.00,0.69,349.00
0.23,0.03,0.30,0.54,-0.15,-42.00,-1.00,-1.00,0.38,0.69,0.38,-1.00,350.00
-0.17,0.07,-0.10,0.24,-10.00,-42.00,-1.00,-1.00,0.59,-0.25,-1.00,-1.00,351.00
0.43,0.60,0.77,0.74,0.85,-42.00,0.50,0.50,1.00,0.50,1.00,1.00,352.00
-0.17,-0.10,0.07,0.53,-0.40,-42.00,1.00,0.91,0.69,0.59,0.59,-1.00,353.00
-0.07,-0.23,0.27,0.59,0.30,-42.00,0.28,0.59,0.38,1.00,0.47,0.06,354.00
0.33,0.07,0.27,0.50,0.30,0.69,0.47,-1.00,0.78,0.78,-1.00,-1.00,356.00
0.70,0.47,0.50,0.44,-10.00,-42.00,-0.50,-0.25,1.00,1.00,0.69,-0.25,357.00
0.70,0.03,0.17,0.44,0.00,-42.00,0.69,-1.00,-1.00,1.00,0.16,-1.00,359.00
0.73,0.43,0.50,0.73,0.55,-42.00,0.69,0.59,-1.00,0.91,0.91,0.78,360.00
0.40,0.17,0.57,0.60,0.35,-42.00,0.78,0.91,-1.00,0.69,1.00,-1.00,361.00
0.50,0.37,0.50,0.63,0.65,1.00,0.50,0.50,1.00,0.50,1.00,1.00,362.00
0.40,0.33,0.67,0.65,0.65,0.76,-1.00,1.00,1.00,0.50,1.00,-1.00,363.00
0.07,-0.17,0.13,0.44,-10.00,-42.00,0.16,-1.00,0.38,0.59,0.06,-1.00,364.00
-0.10,0.03,0.17,0.46,-0.05,-4.62,-1.00,-1.00,0.38,0.59,0.06,-1.00,365.00
0.63,0.10,0.30,0.42,0.05,-42.00,0.47,-0.25,0.59,0.69,0.47,0.06,366.00
0.37,0.13,0.20,0.56,-0.30,0.51,-1.00,-1.00,0.69,0.06,-1.00,-1.00,367.00
0.60,0.33,0.47,0.32,-10.00,-42.00,0.91,0.38,0.78,0.59,1.00,0.69,368.00
0.30,0.07,0.27,0.46,0.30,-4.62,0.59,0.38,0.59,1.00,0.59,0.38,369.00
0.47,0.17,0.37,0.28,-0.05,-42.00,-1.00,-1.00,-0.03,-1.00,-1.00,-1.00,370.00
-0.03,-0.13,0.10,0.62,0.50,-42.00,0.78,0.91,-1.00,0.59,-1.00,-1.00,371.00
-0.13,-0.17,-0.03,0.48,-0.30,-42.00,-1.00,-1.00,-1.00,-0.25,-1.00,-1.00,372.00
-0.03,-0.33,-0.13,0.32,-0.15,-42.00,-1.00,-1.00,0.38,-1.00,-1.00,-1.00,373.00
0.37,0.57,0.57,0.60,0.65,-42.00,0.50,0.69,1.00,1.00,0.69,1.00,374.00
0.43,0.17,0.57,0.52,0.35,-42.00,1.00,0.69,1.00,1.00,1.00,0.69,375.00
0.23,-0.17,0.10,0.51,-0.15,-42.00,-1.00,-1.00,0.50,1.00,0.78,-1.00,376.00
0.40,0.70,0.53,0.62,0.50,-42.00,0.78,0.91,1.00,1.00,1.00,0.91,377.00
0.43,0.23,0.33,0.26,-0.15,0.55,-1.00,-1.00,-1.00,0.28,0.47,-1.00,378.00
0.27,0.47,0.70,0.68,-10.00,-42.00,0.50,0.50,0.69,0.91,1.00,0.91,379.00
0.27,0.37,0.57,0.67,0.85,-42.00,0.50,1.00,-1.00,1.00,1.00,-1.00,380.00
0.37,0.07,0.47,0.56,-10.00,-42.00,0.91,0.78,0.38,1.00,1.00,1.00,381.00
0.10,-0.23,0.20,0.38,0.15,-4.62,0.78,0.69,0.69,0.78,0.47,-0.25,382.00
0.23,0.30,0.53,0.30,0.20,-42.00,-0.25,-1.00,0.78,-1.00,-1.00,-1.00,383.00
-0.03,-0.13,0.27,0.43,-0.20,0.13,-1.00,-1.00,0.47,-0.03,-1.00,-1.00,385.00
0.17,0.57,0.50,0.42,0.40,-42.00,0.50,-1.00,0.69,0.59,0.38,0.16,386.00
0.37,0.47,0.73,0.54,0.80,-42.00,0.50,0.50,1.00,1.00,1.00,1.00,387.00
0.00,-0.20,0.07,0.24,-10.00,-42.00,0.78,0.91,0.69,0.59,-1.00,-1.00,388.00
1.00,0.17,1.00,0.48,-10.00,-42.00,0.50,0.50,1.00,1.00,0.59,1.00,389.00
0.37,0.27,0.50,0.62,-0.10,0.90,0.47,-1.00,0.78,0.69,0.69,-1.00,390.00
-0.07,-0.20,-0.10,0.50,-10.00,-4.62,0.28,-0.25,0.59,-0.25,-1.00,-1.00,392.00
-0.07,-0.13,0.20,0.48,0.40,-42.00,1.00,1.00,0.50,1.00,1.00,1.00,393.00
0.10,0.13,0.53,0.40,-0.15,-42.00,0.78,0.38,0.78,1.00,0.69,0.59,394.00
0.33,0.10,0.30,0.51,0.40,-4.62,0.38,0.28,0.91,0.69,0.91,0.38,395.00
0.77,0.50,0.60,0.62,0.30,-42.00,0.47,-1.00,0.91,0.78,0.28,-1.00,396.00
0.00,-0.10,0.13,0.39,0.25,-42.00,-0.25,-1.00,0.16,-1.00,-1.00,-1.00,398.00
0.60,0.33,0.37,0.73,0.35,-42.00,0.78,0.69,1.00,1.00,1.00,0.69,399.00
0.67,0.03,0.40,0.34,0.60,-42.00,0.59,0.38,0.91,0.50,1.00,-0.25,400.00
0.27,0.00,0.07,0.44,-10.00,-42.00,0.47,0.38,0.69,0.47,1.00,0.69,401.00
0.10,-0.13,0.30,0.60,-10.00,-42.00,0.69,0.78,1.00,0.78,0.91,-1.00,402.00
0.30,0.23,0.53,0.44,0.10,-42.00,0.06,-1.00,0.38,0.59,0.06,-1.00,403.00
-0.03,-0.13,0.37,0.20,-10.00,-42.00,0.38,0.06,0.78,1.00,0.28,-1.00,404.00
0.17,-0.03,0.23,0.18,-0.50,-42.00,-1.00,-1.00,0.38,0.28,-1.00,-1.00,405.00
-0.07,-0.03,0.37,0.60,-10.00,-42.00,0.50,-0.25,0.78,-0.50,-1.00,-1.00,406.00
-0.43,-0.40,-0.50,0.41,-0.40,-42.00,-1.00,-1.00,0.38,-1.00,-1.00,-1.00,407.00
0.23,0.00,0.43,0.40,-10.00,-42.00,0.59,0.38,0.69,0.91,0.47,0.38,408.00
0.23,0.07,0.53,0.54,0.60,-42.00,0.50,0.50,0.69,1.00,1.00,0.69,409.00
0.13,0.03,0.57,0.52,-10.00,-42.00,0.78,0.59,0.47,0.78,0.28,0.69,410.00
0.37,0.30,0.67,0.52,0.05,0.69,0.69,-1.00,1.00,1.00,-1.00,-1.00,411.00
0.60,0.27,0.40,0.36,0.15,-42.00,-1.00,-1.00,0.69,0.50,-1.00,-1.00,412.00
0.03,0.07,0.17,0.58,-0.15,-42.00,1.00,0.69,1.00,0.91,1.00,0.38,413.00
0.40,0.37,0.60,0.42,0.05,-42.00,0.69,0.69,0.91,1.00,0.91,0.38,414.00
0.43,0.23,0.13,0.56,-0.65,-42.00,0.28,-1.00,1.00,0.69,0.38,0.47,415.00
0.50,0.13,0.27,0.35,-0.05,-42.00,-1.00,-1.00,0.38,0.28,-1.00,-1.00,416.00
0.17,-0.13,0.40,0.56,-0.15,-42.00,0.06,-1.00,0.38,-1.00,-1.00,-1.00,417.00
0.27,0.27,0.70,0.28,0.65,0.38,0.91,0.59,0.78,0.28,-1.00,-1.00,418.00
-0.13,-0.23,0.13,0.44,0.05,0.56,0.59,-1.00,0.69,0.78,0.59,-1.00,419.00
0.17,0.07,0.40,0.40,-10.00,-42.00,0.38,0.28,1.00,0.28,0.38,1.00,420.00
-0.03,0.07,0.03,0.37,0.10,-42.00,0.38,-1.00,0.69,0.78,0.78,0.06,421.00
0.70,0.67,0.30,0.53,0.05,-4.62,0.47,0.47,0.69,0.91,0.59,0.47,422.00
0.63,0.17,0.43,0.49,0.65,-42.00,0.50,0.91,1.00,1.00,1.00,1.00,424.00
0.17,-0.23,0.10,0.38,-0.20,-42.00,-1.00,-1.00,-1.00,-1.00,-1.00,-1.00,425.00
0.10,0.20,0.27,0.26,0.15,-4.62,0.69,-1.00,-1.00,-1.00,-1.00,-1.00,426.00
-0.07,-0.07,0.27,0.63,0.10,-4.62,0.50,0.50,-1.00,0.69,0.78,-1.00,427.00
0.33,-0.13,0.50,0.68,-10.00,-42.00,0.47,0.59,0.69,1.00,1.00,1.00,430.00
0.47,0.37,0.20,0.49,-0.25,-42.00,-1.00,-1.00,-1.00,-1.00,-1.00,-1.00,431.00
0.10,0.03,0.03,0.58,-0.15,0.46,0.91,-1.00,-1.00,0.78,-1.00,-1.00,432.00
0.23,0.20,0.37,0.79,0.30,0.62,0.69,-1.00,1.00,1.00,0.78,-1.00,433.00
0.43,0.20,0.53,0.54,0.20,-42.00,0.47,-1.00,-1.00,-1.00,-1.00,-1.00,434.00
0.03,0.00,0.10,0.28,-0.10,-42.00,-0.03,-1.00,0.38,0.38,0.38,-1.00,435.00
0.30,0.03,0.47,0.37,0.40,-42.00,-0.25,-1.00,-1.00,-1.00,-1.00,-1.00,437.00
0.40,0.03,-0.03,0.56,-0.20,0.28,-1.00,-1.00,0.69,-1.00,-1.00,-1.00,438.00
0.73,0.77,0.37,0.44,-0.10,-42.00,1.00,0.69,1.00,0.50,1.00,0.69,439.00
0.33,0.17,0.43,0.61,0.00,0.51,0.69,-1.00,1.00,1.00,0.91,-1.00,441.00
0.07,0.07,0.03,0.50,-0.35,-42.00,0.47,0.59,0.69,0.69,0.91,0.69,442.00
0.40,0.07,0.80,0.40,-10.00,-42.00,0.50,0.50,0.59,0.78,0.28,0.06,443.00
0.07,0.27,0.17,0.37,0.00,-4.62,-1.00,-1.00,0.69,0.59,0.69,-1.00,445.00
0.23,0.57,0.43,0.41,0.25,-42.00,0.28,-1.00,0.91,0.91,0.69,0.38,446.00
-0.03,-0.33,0.43,0.41,0.15,-4.62,0.78,1.00,0.78,0.69,0.69,0.59,447.00
0.07,0.13,0.53,0.80,-10.00,-42.00,0.50,0.91,1.00,1.00,0.78,0.69,448.00
0.17,0.23,0.17,0.35,0.20,-42.00,0.38,0.69,0.78,0.47,0.59,0.38,449.00
0.00,0.13,0.23,0.46,0.05,0.69,0.59,-1.00,0.47,0.59,-1.00,-1.00,450.00
0.10,-0.10,0.30,0.44,-0.20,-4.62,-0.25,-1.00,0.59,0.38,0.28,-0.25,451.00
0.20,0.23,0.17,0.54,0.45,-42.00,-1.00,-1.00,0.47,-1.00,-1.00,-1.00,452.00
0.20,0.07,0.60,0.56,0.65,-42.00,0.50,0.91,1.00,1.00,1.00,1.00,453.00
0.20,0.40,0.43,0.32,-10.00,-42.00,-1.00,-1.00,0.78,-1.00,-1.00,-1.00,454.00
-0.10,-0.20,0.10,0.60,-0.55,-42.00,0.78,-1.00,0.69,0.38,-1.00,-1.00,455.00
0.47,0.47,0.37,0.44,-10.00,-42.00,0.59,0.38,0.91,0.91,0.78,0.28,456.00
-0.13,-0.30,0.00,0.40,0.15,-42.00,0.59,0.78,0.78,0.69,0.59,0.69,457.00
0.00,-0.03,0.63,0.48,0.10,-42.00,0.28,-0.03,0.69,0.28,0.69,0.38,459.00
0.70,0.60,0.73,0.75,0.45,-42.00,1.00,1.00,1.00,0.38,0.28,0.28,460.00
-0.07,0.17,0.03,0.44,-0.10,-42.00,0.06,-1.00,0.59,-0.03,-1.00,-1.00,461.00
-0.10,0.03,0.23,0.50,0.00,-4.62,0.28,-1.00,-1.00,0.28,-1.00,-1.00,462.00
0.80,0.53,0.33,0.52,-10.00,-42.00,0.47,0.38,1.00,0.50,1.00,0.69,463.00
0.80,0.17,0.57,0.44,0.15,-42.00,0.78,0.91,1.00,0.38,1.00,0.69,464.00
-0.07,-0.37,-0.13,0.20,-0.15,-4.62,-1.00,-1.00,-0.25,-0.25,-1.00,-1.00,465.00
-0.10,0.03,0.33,0.47,0.20,-42.00,0.47,-1.00,0.28,0.28,1.00,0.38,466.00
0.60,0.40,0.77,0.44,-10.00,-42.00,0.50,1.00,0.91,1.00,-1.00,-1.00,467.00
0.47,0.33,0.20,0.48,0.25,-42.00,0.69,0.69,1.00,0.47,0.69,0.38,468.00
0.43,0.27,0.60,0.21,0.50,-42.00,0.50,0.59,1.00,0.69,0.78,0.91,469.00
0.23,0.17,0.53,0.40,0.60,0.69,0.78,0.69,0.47,0.91,0.91,-1.00,472.00
0.00,0.40,0.50,0.68,0.15,-42.00,0.78,0.59,-1.00,0.47,0.47,-1.00,473.00
0.70,0.57,0.67,0.52,-10.00,-42.00,0.50,1.00,1.00,0.69,1.00,0.78,474.00
0.40,0.37,0.47,0.60,-10.00,-42.00,0.50,0.28,0.59,0.47,0.28,0.06,475.00
-0.20,-0.40,0.23,0.34,-0.10,-4.62,0.16,-1.00,0.69,0.47,0.16,-1.00,476.00
0.60,0.77,0.53,0.45,0.85,0.86,0.78,0.47,0.91,0.91,0.69,-1.00,477.00
0.13,0.03,0.50,0.48,0.60,-42.00,0.50,0.50,1.00,0.91,1.00,1.00,478.00
-0.20,-0.03,0.10,0.48,0.05,-42.00,1.00,-1.00,0.78,0.59,-1.00,-1.00,479.00
0.20,0.23,0.57,0.36,-10.00,-42.00,0.06,-1.00,0.69,0.91,0.78,0.47,480.00
-0.07,0.00,0.30,0.57,0.50,-42.00,0.47,0.47,0.69,0.91,0.69,0.47,481.00
0.60,0.53,0.70,0.29,0.40,-42.00,-0.25,-1.00,0.50,0.47,-1.00,-1.00,482.00
0.07,0.20,0.37,0.42,0.15,-42.00,0.38,0.47,0.59,0.78,1.00,0.78,483.00
0.30,0.17,0.10,0.32,0.05,-4.62,-1.00,-1.00,-1.00,-1.00,-1.00,-1.00,484.00
0.50,0.30,0.17,0.55,0.10,0.56,0.78,-1.00,1.00,0.69,-1.00,-1.00,485.00
0.27,0.00,0.17,0.45,-0.05,0.44,0.38,-1.00,0.69,0.69,0.47,-1.00,486.00
-0.20,-0.23,-0.03,0.22,-0.05,-42.00,-1.00,-1.00,0.38,-1.00,-1.00,-1.00,487.00
0.03,-0.17,-0.17,0.55,0.45,-42.00,0.69,0.59,-1.00,0.38,-1.00,-1.00,488.00
0.10,0.30,0.50,0.57,0.00,-42.00,-1.00,-1.00,0.69,0.78,-1.00,-1.00,489.00
-0.03,-0.10,0.33,0.24,0.00,-42.00,0.28,0.28,0.59,0.69,0.59,0.59,490.00
0.27,0.03,0.40,0.40,0.30,-42.00,0.78,0.91,0.78,1.00,1.00,0.69,491.00
-0.27,-0.43,-0.13,0.14,-0.50,-42.00,-1.00,-1.00,0.28,-1.00,-1.00,-1.00,492.00
0.33,0.27,0.37,0.72,0.20,-42.00,0.47,0.59,1.00,1.00,1.00,1.00,493.00
0.00,0.07,-0.30,0.20,-0.25,-42.00,-1.00,-1.00,0.06,-1.00,-1.00,-1.00,494.00
0.07,-0.17,0.30,0.23,0.00,-42.00,-1.00,-1.00,0.59,0.38,-1.00,-1.00,497.00
0.23,-0.10,-0.13,0.44,0.10,-42.00,0.69,0.69,1.00,1.00,1.00,0.38,498.00
0.13,0.10,0.17,0.88,0.60,-42.00,-1.00,0.78,0.91,0.91,1.00,-1.00,500.00
0.17,0.17,0.43,0.28,-10.00,-42.00,0.16,0.16,0.69,0.78,0.91,0.59,501.00
0.73,0.37,0.63,0.52,0.80,0.90,0.91,-1.00,0.47,0.50,0.78,-1.00,502.00
0.50,0.33,0.50,0.25,0.35,-42.00,0.59,0.50,0.69,1.00,0.91,1.00,503.00
0.20,0.13,0.07,0.18,0.10,-42.00,0.38,-1.00,0.59,0.38,0.28,-1.00,504.00
0.23,-0.03,0.03,0.20,-10.00,-42.00,-0.03,-1.00,0.69,0.06,-1.00,-1.00,505.00
0.23,0.10,0.27,0.45,0.10,-4.62,-0.25,-1.00,-1.00,-1.00,-1.00,-1.00,506.00
0.03,0.00,0.30,0.38,0.45,0.58,0.69,-1.00,0.38,-1.00,-1.00,-1.00,507.00
0.57,0.20,0.47,0.46,0.55,-42.00,0.91,0.69,0.78,0.91,0.69,0.38,508.00
0.13,0.03,0.37,0.57,-0.05,-42.00,0.69,0.47,1.00,1.00,0.91,0.91,509.00
0.60,0.53,0.63,0.59,0.85,-42.00,1.00,1.00,1.00,1.00,1.00,1.00,510.00
0.30,0.20,0.33,0.40,-0.10,-42.00,-1.00,-1.00,0.69,0.28,-1.00,-1.00,511.00
0.33,0.23,0.30,0.40,-10.00,-42.00,0.50,0.28,0.69,0.78,0.28,0.78,512.00
-0.20,-0.03,0.20,0.26,-0.05,-42.00,0.78,0.47,0.47,0.69,0.38,-1.00,515.00
0.13,0.03,0.47,0.51,0.35,0.77,1.00,1.00,1.00,1.00,-1.00,-1.00,516.00
0.73,0.43,0.50,0.57,0.40,-42.00,1.00,0.69,1.00,1.00,0.91,1.00,517.00
0.23,0.57,0.70,0.50,0.95,0.77,0.91,-1.00,1.00,0.50,1.00,1.00,518.00
0.23,0.27,0.67,0.45,0.35,-42.00,0.59,0.47,1.00,0.91,1.00,1.00,520.00
-0.37,-0.07,-0.13,0.46,-0.40,-4.62,0.50,-1.00,0.69,0.38,0.28,-1.00,521.00
-0.07,0.07,0.30,0.48,-0.25,0.58,-0.03,-1.00,-1.00,0.91,-1.00,-1.00,522.00
0.30,0.07,0.17,0.38,-0.35,-42.00,0.69,0.69,0.47,0.47,0.69,0.38,523.00
-0.13,-0.10,-0.03,0.20,-0.05,-42.00,0.28,-1.00,0.28,0.59,0.47,-1.00,524.00
0.10,-0.57,-0.23,0.25,-0.10,-4.62,0.38,0.06,0.47,0.28,0.28,0.38,525.00
0.33,0.27,0.53,0.70,0.75,-42.00,-1.00,1.00,-1.00,-1.00,-1.00,-1.00,527.00
0.53,0.20,0.10,0.75,0.00,-42.00,0.78,-1.00,1.00,0.91,0.78,-1.00,528.00
0.50,0.07,0.13,0.62,-0.25,-42.00,0.78,-1.00,0.69,0.91,0.69,-1.00,529.00
0.50,0.43,0.53,0.14,0.40,0.72,0.16,-1.00,0.78,1.00,0.59,-1.00,530.00
0.33,-0.07,0.83,0.32,-10.00,-42.00,0.78,-1.00,0.59,-1.00,-1.00,-1.00,531.00
0.37,0.27,0.40,0.65,0.60,1.00,-1.00,0.69,1.00,0.91,-1.00,-1.00,532.00
0.40,0.37,0.50,0.34,0.30,-4.62,0.38,-1.00,-1.00,0.28,-1.00,-1.00,533.00
0.23,0.17,0.43,0.38,-0.30,-42.00,-1.00,-1.00,-1.00,-1.00,-1.00,-1.00,535.00
0.33,0.30,0.43,0.44,-10.00,-42.00,1.00,0.47,0.69,0.28,-1.00,-1.00,536.00
0.60,0.13,0.60,0.58,0.55,-42.00,0.69,0.38,0.50,0.50,1.00,1.00,539.00
0.37,0.47,0.53,0.72,0.60,-4.62,0.50,0.50,-1.00,1.00,-1.00,-1.00,540.00
0.33,0.20,0.10,0.50,0.10,-4.62,0.59,-1.00,0.69,0.38,-0.03,-1.00,541.00
0.27,-0.03,0.33,0.40,-10.00,-42.00,0.28,0.59,0.69,0.50,0.59,0.28,542.00
0.70,0.27,0.40,0.40,-10.00,-42.00,0.50,1.00,0.69,0.91,0.91,0.38,544.00
0.43,-0.03,0.47,0.36,-10.00,-42.00,0.28,0.16,0.69,0.59,-1.00,-1.00,545.00
0.40,0.33,0.60,0.38,0.50,-4.62,0.50,0.78,-1.00,0.69,0.59,-1.00,546.00
0.40,0.33,0.63,0.60,0.60,0.79,0.50,0.50,1.00,1.00,-1.00,-1.00,547.00
0.40,0.10,0.43,0.48,0.00,-4.62,0.47,-1.00,0.78,0.91,1.00,0.69,548.00
0.57,0.53,0.53,0.39,0.60,0.62,1.00,0.78,-1.00,1.00,-1.00,-1.00,549.00
0.67,0.43,0.93,0.36,-10.00,-42.00,0.50,0.50,1.00,0.50,1.00,0.69,550.00
0.53,0.27,0.03,0.57,0.35,-42.00,0.69,0.47,0.69,0.59,-1.00,-1.00,551.00
0.27,0.03,0.13,0.36,-10.00,-42.00,-1.00,-1.00,0.06,0.38,-1.00,-1.00,552.00
0.47,0.50,0.57,0.64,0.40,-42.00,-0.03,-1.00,-1.00,0.16,-1.00,-1.00,553.00
0.63,0.73,0.17,0.43,0.20,-42.00,0.69,0.38,0.69,1.00,0.78,0.38,554.00
0.50,0.27,0.30,0.35,0.25,0.65,0.59,-1.00,0.28,0.28,0.28,-1.00,555.00
0.50,0.13,0.63,0.28,-10.00,-42.00,0.28,0.28,0.69,0.06,-0.25,-1.00,556.00
0.33,0.13,0.30,0.44,-10.00,-42.00,0.69,0.28,0.69,0.69,0.59,0.38,557.00
0.33,0.13,0.53,0.44,0.30,-42.00,1.00,0.69,0.91,0.59,0.91,-1.00,558.00
0.30,-0.23,0.13,0.36,-10.00,-42.00,-1.00,-1.00,0.69,-1.00,-1.00,-1.00,559.00
-0.10,-0.07,0.13,0.44,-0.25,0.34,-1.00,-1.00,0.38,0.28,-1.00,-1.00,560.00
0.03,0.00,0.27,0.49,-0.15,-4.62,0.38,0.47,0.78,0.59,0.28,-1.00,561.00
0.33,0.27,0.23,0.81,-10.00,-42.00,0.47,0.78,1.00,1.00,0.78,1.00,562.00
0.53,0.27,0.13,0.45,0.30,-4.62,0.38,-1.00,0.47,0.59,-1.00,-1.00,563.00
0.43,0.23,0.03,0.28,-0.35,0.69,-1.00,-1.00,-1.00,-1.00,-1.00,-1.00,564.00
0.30,0.43,0.63,0.44,-10.00,-42.00,0.50,0.50,0.91,0.78,-0.25,-1.00,565.00
-0.13,-0.07,0.17,0.41,0.45,-42.00,0.50,0.38,0.38,0.78,0.38,0.38,566.00
0.27,0.27,0.70,0.44,-10.00,-42.00,1.00,-1.00,1.00,1.00,-1.00,-1.00,567.00
0.40,-0.03,0.43,0.24,0.35,-42.00,-1.00,-1.00,-0.25,-1.00,-1.00,-1.00,568.00
0.00,-0.07,0.10,0.36,0.10,0.41,0.06,-1.00,0.59,0.16,-1.00,-1.00,569.00
0.47,0.23,0.40,0.36,-10.00,-42.00,-0.25,-1.00,-0.25,-1.00,-1.00,-1.00,570.00
0.43,0.13,0.57,0.16,-10.00,-42.00,-0.25,-1.00,0.38,-0.50,-1.00,-1.00,573.00
0.20,0.23,0.37,0.57,0.65,-4.62,-1.00,0.91,-1.00,0.59,0.47,-1.00,574.00
0.13,0.10,0.30,0.55,0.10,0.53,1.00,1.00,0.91,1.00,-1.00,-1.00,575.00
0.63,0.63,0.50,0.51,0.95,-42.00,0.50,0.50,1.00,1.00,1.00,1.00,576.00
0.73,0.40,0.53,0.64,0.75,-42.00,0.50,0.78,1.00,0.50,1.00,0.91,577.00
-0.17,0.13,0.50,0.34,0.50,-42.00,0.78,-1.00,0.59,0.91,0.38,0.38,578.00
0.60,0.17,0.73,0.14,0.45,0.84,-1.00,-1.00,0.69,0.50,0.91,-1.00,579.00
0.40,0.07,0.50,0.40,-10.00,0.62,-1.00,-1.00,0.69,-0.03,-1.00,-1.00,580.00
-0.10,-0.03,0.53,0.37,0.05,-42.00,-1.00,-1.00,0.69,1.00,0.47,0.06,581.00
0.30,0.47,0.23,0.23,-0.05,0.51,-1.00,-1.00,0.47,-0.25,-1.00,-1.00,582.00
0.57,0.40,0.50,0.61,0.10,-42.00,0.38,-0.25,0.69,1.00,-0.25,-1.00,583.00
0.67,0.43,0.90,0.28,-10.00,-42.00,0.91,1.00,1.00,1.00,1.00,1.00,584.00
0.63,0.43,0.40,0.28,-10.00,-42.00,0.91,0.47,0.91,0.78,0.47,0.38,585.00
0.40,-0.07,0.23,0.32,-0.10,-42.00,0.47,0.47,0.78,0.78,0.78,0.38,586.00
0.40,0.00,0.33,0.48,0.85,-42.00,1.00,1.00,1.00,1.00,0.91,1.00,588.00
0.57,0.53,0.50,0.40,0.70,-42.00,0.06,-1.00,0.06,-1.00,-1.00,-1.00,589.00
1.00,0.77,1.00,0.56,-10.00,-42.00,0.78,-1.00,1.00,-1.00,-1.00,-1.00,590.00
0.27,0.20,0.10,0.56,0.05,0.65,0.91,-1.00,1.00,0.78,0.69,-1.00,591.00
0.27,0.10,0.60,0.50,0.65,-4.62,1.00,0.91,-1.00,0.91,-1.00,-1.00,592.00
0.13,0.23,0.50,0.68,-10.00,-42.00,0.50,0.69,1.00,0.50,1.00,1.00,593.00
0.17,0.00,0.47,0.52,0.05,-42.00,0.59,0.47,0.59,0.69,0.69,0.69,594.00
0.57,0.07,0.03,0.36,-0.25,0.66,-1.00,-1.00,-1.00,-1.00,-1.00,-1.00,595.00
0.07,0.17,0.40,0.50,0.10,-4.62,0.28,0.28,0.69,0.69,0.69,0.69,596.00
0.33,0.23,0.33,0.32,0.45,-42.00,-0.25,-1.00,0.38,-0.25,-1.00,-1.00,597.00
0.50,0.67,0.73,0.76,-10.00,-42.00,0.50,1.00,1.00,-1.00,-1.00,-1.00,599.00
0.10,0.07,0.23,0.72,0.80,-42.00,0.50,1.00,1.00,0.50,1.00,1.00,600.00
0.43,0.20,0.23,0.37,0.15,-42.00,0.47,0.69,0.91,1.00,1.00,0.69,601.00
0.17,0.10,0.23,0.36,-10.00,-42.00,0.69,0.69,0.91,0.69,0.69,0.38,602.00
0.37,0.03,0.43,0.28,-10.00,-42.00,-0.25,-1.00,0.59,0.38,-1.00,-1.00,603.00
-0.27,-0.37,-0.17,0.51,-0.15,-4.62,-1.00,-1.00,0.38,0.28,-1.00,-1.00,604.00
0.00,0.20,0.23,0.48,0.35,-42.00,1.00,0.91,1.00,0.91,0.59,0.69,605.00
0.10,0.07,0.43,0.60,-10.00,-42.00,0.50,-1.00,1.00,-1.00,-1.00,-1.00,606.00
0.57,0.23,0.53,0.61,0.35,-4.62,1.00,1.00,1.00,1.00,1.00,1.00,607.00
-0.30,-0.30,-0.33,0.36,-10.00,-42.00,0.38,-1.00,0.69,0.69,0.69,1.00,608.00
0.30,0.37,0.67,0.52,0.40,-4.62,1.00,0.47,0.91,0.91,0.91,0.78,609.00
0.53,0.50,0.50,0.53,0.40,0.55,0.78,-1.00,0.91,1.00,0.91,-1.00,610.00
-0.10,-0.07,0.43,0.36,-10.00,0.42,-1.00,-1.00,0.47,-1.00,-1.00,-1.00,611.00
0.37,0.63,0.70,0.32,0.60,-42.00,0.50,0.69,0.91,0.47,-1.00,-1.00,612.00
0.53,0.57,0.40,0.84,0.80,0.55,0.50,0.59,-1.00,1.00,-1.00,-1.00,613.00
0.23,0.17,0.43,0.31,0.50,-42.00,1.00,0.78,-1.00,0.50,1.00,1.00,614.00
0.57,0.10,0.23,0.50,-0.10,-42.00,-0.25,-1.00,0.78,0.69,-0.25,-1.00,615.00
0.07,-0.07,0.23,0.32,-10.00,-42.00,-1.00,-1.00,-1.00,-1.00,-1.00,-1.00,616.00
-0.03,-0.13,0.20,0.20,-10.00,-42.00,-0.25,-1.00,0.38,-1.00,-1.00,-1.00,617.00
0.37,0.47,0.70,0.74,0.85,-42.00,0.50,1.00,1.00,1.00,1.00,-1.00,618.00
0.00,-0.10,0.43,0.49,-0.30,-42.00,0.59,0.38,1.00,0.91,1.00,0.69,620.00
0.60,0.30,0.50,0.54,0.10,-42.00,0.50,0.50,0.69,0.78,-0.50,-1.00,621.00
0.50,0.40,0.30,0.36,-10.00,-42.00,0.28,0.47,1.00,1.00,0.91,1.00,623.00
0.20,-0.13,0.13,0.44,0.30,-42.00,0.69,0.69,1.00,0.91,1.00,1.00,624.00
0.43,0.07,0.33,0.72,-10.00,-42.00,1.00,1.00,1.00,1.00,0.91,0.78,625.00
0.53,0.40,0.13,0.52,-10.00,-42.00,0.59,0.50,0.69,0.69,0.28,0.59,626.00
0.67,0.30,0.57,0.79,0.90,-42.00,0.69,0.78,1.00,0.50,1.00,1.00,627.00
0.13,0.13,0.23,0.16,-10.00,-42.00,0.59,-0.25,0.28,1.00,-1.00,-1.00,628.00
0.47,0.47,0.60,0.32,-10.00,-42.00,-0.25,-1.00,0.59,0.38,-1.00,-1.00,629.00
0.43,0.43,0.57,0.20,-10.00,-42.00,-0.25,-1.00,0.06,0.16,-1.00,-1.00,630.00
-0.13,-0.47,-0.17,0.27,-0.15,-42.00,0.06,-1.00,0.38,-0.25,-1.00,-1.00,631.00
0.17,0.07,0.27,0.74,0.40,-42.00,1.00,0.69,1.00,0.91,0.38,-1.00,632.00
0.50,0.37,0.53,0.36,-10.00,-42.00,1.00,0.69,0.69,1.00,1.00,-1.00,633.00
0.37,0.37,0.50,0.53,-0.25,-42.00,-1.00,-1.00,0.69,-1.00,-1.00,-1.00,634.00
0.40,0.03,0.47,0.32,0.90,-4.62,0.50,0.47,0.91,0.50,1.00,0.69,635.00
0.43,0.40,0.33,0.48,-10.00,-42.00,0.91,-1.00,0.69,0.91,1.00,1.00,637.00
0.33,0.20,0.67,0.60,-10.00,-42.00,0.50,0.50,1.00,1.00,1.00,1.00,638.00
0.40,0.20,0.07,0.70,-0.45,0.42,-1.00,-1.00,0.78,0.69,-1.00,-1.00,639.00
0.07,0.07,0.27,0.64,-0.30,-42.00,0.28,0.28,0.69,0.59,0.38,-0.03,641.00
0.17,0.17,0.37,0.56,-0.20,-42.00,0.28,0.38,0.91,0.91,1.00,0.38,642.00
0.60,0.37,0.03,0.48,-0.05,-42.00,0.59,-0.25,0.69,-0.25,-1.00,-1.00,643.00
0.17,0.00,0.23,0.57,-0.05,0.51,-1.00,-1.00,0.91,0.91,1.00,-1.00,644.00
0.10,0.00,0.03,0.71,-0.15,0.31,-1.00,-1.00,0.69,-1.00,-1.00,-1.00,645.00
0.30,0.27,0.20,0.70,0.45,-4.62,1.00,1.00,1.00,1.00,1.00,1.00,646.00
0.10,-0.20,0.07,0.51,-0.10,-4.62,0.38,-1.00,0.59,0.59,0.38,-0.25,647.00
0.83,0.87,0.70,0.56,-10.00,-42.00,0.50,1.00,1.00,0.78,1.00,-1.00,648.00
0.60,0.37,0.47,0.40,-10.00,-42.00,-1.00,-1.00,-0.03,-1.00,-1.00,-1.00,649.00
0.43,-0.07,0.43,0.65,0.40,-42.00,0.50,1.00,1.00,0.50,1.00,1.00,650.00
0.30,-0.03,0.30,0.28,-10.00,-42.00,-1.00,-1.00,-1.00,-1.00,-1.00,-1.00,652.00
0.43,0.33,0.20,0.36,-0.35,0.62,-1.00,-1.00,0.69,1.00,0.69,-1.00,655.00
0.23,0.17,0.20,0.52,-0.45,-42.00,-1.00,-1.00,0.78,-1.00,-1.00,-1.00,657.00
0.17,0.10,0.20,0.64,0.30,-42.00,0.50,0.91,1.00,0.50,1.00,-1.00,658.00
0.13,0.33,0.63,0.75,0.95,-42.00,0.50,1.00,1.00,1.00,1.00,1.00,659.00
0.33,0.10,0.63,0.90,0.60,-42.00,1.00,1.00,1.00,1.00,1.00,0.91,660.00
0.30,0.30,0.13,0.72,0.15,-42.00,0.91,0.69,0.91,1.00,0.91,0.69,661.00
0.33,0.40,0.47,0.57,0.55,-42.00,1.00,0.59,0.91,1.00,1.00,1.00,662.00
0.37,0.17,0.07,0.36,-0.05,-42.00,0.59,0.38,0.59,0.78,1.00,0.47,663.00
0.13,0.23,0.10,0.59,-0.25,0.63,-1.00,-1.00,0.59,0.59,0.16,-1.00,664.00
0.70,0.57,0.70,0.48,0.20,-42.00,0.59,0.59,1.00,1.00,1.00,1.00,666.00
0.40,0.20,0.30,0.72,-10.00,-42.00,0.91,1.00,0.69,0.69,0.28,0.28,667.00
0.13,0.10,0.23,0.28,-10.00,-42.00,0.59,-1.00,0.38,0.38,-1.00,-1.00,668.00
0.23,0.30,0.37,0.45,-0.15,-42.00,0.47,0.50,0.78,0.69,0.78,0.38,670.00
0.37,0.33,0.63,0.44,-10.00,-42.00,0.69,-0.25,0.78,0.38,-1.00,-1.00,671.00
-0.23,-0.20,0.30,0.54,-0.20,-42.00,0.78,-0.25,0.69,0.38,0.69,-0.25,673.00
0.43,0.10,0.37,0.34,0.15,-42.00,0.47,0.28,0.69,0.69,0.28,-0.25,674.00
0.17,-0.07,0.40,0.38,0.00,-42.00,0.38,0.06,0.59,0.38,0.47,-0.25,675.00
0.60,0.13,0.33,0.59,-0.05,0.79,0.47,-1.00,1.00,1.00,-1.00,-1.00,676.00
-0.03,-0.37,0.57,0.58,0.75,-42.00,0.50,0.50,0.91,0.59,-0.25,-1.00,677.00
0.43,-0.13,0.13,0.60,-10.00,-42.00,0.50,0.47,0.78,0.59,0.38,0.06,678.00
0.23,0.10,0.47,0.32,-10.00,-42.00,0.91,0.69,0.69,0.59,0.69,0.91,679.00
0.20,-0.07,0.23,0.44,-10.00,-42.00,0.38,0.06,0.59,0.69,0.38,0.38,680.00
0.57,0.50,0.67,0.36,-10.00,-42.00,0.50,0.78,1.00,0.47,0.91,-1.00,681.00
0.87,0.33,0.63,0.40,-10.00,-42.00,0.50,0.38,0.78,1.00,1.00,-1.00,682.00
0.33,0.07,0.43,0.68,0.50,-42.00,1.00,1.00,1.00,0.50,1.00,1.00,683.00
-0.07,-0.03,0.03,0.15,-0.20,-42.00,-1.00,-1.00,-0.25,-1.00,-1.00,-1.00,684.00
0.43,0.17,0.33,0.41,-0.15,-42.00,0.06,-1.00,0.59,0.47,-1.00,-1.00,685.00
0.50,0.30,0.33,0.24,-10.00,-42.00,0.69,0.38,1.00,0.69,-1.00,-1.00,686.00
0.07,0.37,0.43,0.36,-10.00,-42.00,0.50,1.00,1.00,0.78,0.91,0.59,687.00
0.23,0.17,0.50,0.64,0.10,-42.00,1.00,-1.00,1.00,1.00,1.00,0.69,688.00
0.37,0.37,0.47,0.56,-10.00,-42.00,0.78,0.78,-1.00,-1.00,-1.00,-1.00,690.00
0.13,-0.10,0.20,0.32,-10.00,-42.00,0.69,0.28,0.69,0.47,0.47,0.38,691.00
0.33,0.30,0.43,0.40,0.30,-42.00,0.59,0.69,0.69,1.00,1.00,0.69,692.00
0.23,-0.07,0.07,0.40,0.40,-42.00,1.00,0.47,0.78,0.78,1.00,0.69,693.00
0.50,0.37,0.43,0.84,0.50,-42.00,0.50,0.91,1.00,1.00,1.00,0.69,694.00
0.23,0.17,0.03,0.63,0.40,-4.62,0.59,0.38,-1.00,0.59,0.38,-1.00,695.00
0.20,0.13,0.40,0.60,-10.00,-42.00,1.00,0.38,1.00,0.38,0.69,0.69,696.00
0.17,0.03,0.13,0.46,-0.05,-42.00,0.69,0.38,0.91,0.69,0.69,0.28,697.00
0.27,0.43,0.13,0.62,0.00,-42.00,0.91,1.00,1.00,0.78,0.59,0.06,698.00
0.10,0.20,0.07,0.52,-0.05,-42.00,-0.25,-1.00,1.00,0.28,-1.00,-1.00,699.00
